{
    "model_type": "xgb",
    "parameters": {
        "lags": 48,
        "lags_past_covariates": 43,
        "max_depth": 5,
        "learning_rate": 0.1491636045309189,
        "n_estimators": 188
    },
    "metrics": {
        "rmse": 28.7982483731585,
        "mape": 189.55568509512523
    },
    "timestamp": "2025-03-10_16-33-46"
}