{
    "b1": 0.07851,
    "b2": 0.09417,
    "a1": 1.04,
    "a2": -0.06678
}