scenario,probability
s_000,0.26351898648668376
s_001,0.6140221024062412
s_002,0.12245891110707506
