{
    "model_type": "gp",
    "parameters": {
        "lags": 29,
        "lags_past_covariates": 27
    },
    "metrics": {
        "rmse": 23.66223614399785,
        "mape": 149.9677891065224
    },
    "timestamp": "2025-03-04_15-52-06"
}