{
    "model_type": "lr",
    "parameters": {
        "lags_max": 122,
        "lags_past_covariates_max": 52
    },
    "metrics": {
        "rmse": 27.814384577540103,
        "mape": 108.91416496592335
    },
    "timestamp": "2025-02-28_08-38-05"
}